1001,Edd Wicks,ewicks0@tumblr.com
1002,Aharon Romaines,aromaines1@aol.com
1003,Edithe Kleyn,ekleyn2@w3.org
1004,Cecil Calf,ccalf3@google.co.uk
1005,Sybille Wiltshier,swiltshier4@yelp.com
1006,Janos Spinetti,jspinetti5@cocolog-nifty.com
1007,Deb Goudman,dgoudman6@list-manage.com
1008,Rahal Grutchfield,rgrutchfield7@wiley.com
1009,Patric Summersett,psummersett8@jigsy.com
1010,Colly Ortes,cortes9@nymag.com
1011,Lara Gopsill,lgopsilla@tripod.com
1012,Lucian Hinze,lhinzeb@amazon.co.jp
1013,Lenci Hendrik,lhendrikc@jalbum.net
1014,Ephraim Norheny,enorhenyd@prweb.com
1015,Orazio Garric,ogarrice@bigcartel.com
1016,Audy Rossbrooke,arossbrookef@noaa.gov
1017,Jacques Christie,jchristieg@liveinternet.ru
1018,Clemmy Lake,clakeh@smugmug.com
1019,Steven Gahan,sgahani@globo.com
1020,Mariellen Walshaw,mwalshawj@salon.com
1021,Matthew Yeabsley,myeabsleyk@mozilla.org
1022,Jacquenetta Goldfinch,jgoldfinchl@diigo.com
1023,Mattias Shakelade,mshakeladem@soup.io
1024,Chickie Darcy,cdarcyn@google.pl
1025,Christiano Maggiori,cmaggiorio@china.com.cn
1026,Gan Fetherston,gfetherstonp@disqus.com
1027,Elle Lawlan,elawlanq@is.gd
1028,Aveline Patershall,apatershallr@globo.com
1029,Paulo Hampe,phampes@newsvine.com
1030,Mia Glencrosche,mglencroschet@wix.com
1031,Andie Souttar,asouttaru@hud.gov
1032,York Loble,yloblev@narod.ru
1033,Harmonie Simko,hsimkow@prlog.org
1034,Gherardo Lazer,glazerx@economist.com
1035,Vonny Horsburgh,vhorsburghy@upenn.edu
1036,Appolonia Barkworth,abarkworthz@tinypic.com
1037,Merry Dobbs,mdobbs10@gravatar.com
1038,Alla Allot,aallot11@bing.com
1039,Domingo Barby,dbarby12@blinklist.com
1040,Selina Carse,scarse13@usnews.com
1041,Delila O'Brollachain,dobrollachain14@wikia.com
1042,Ryley Scrimshaw,rscrimshaw15@cdc.gov
1043,Merle Wingham,mwingham16@goo.ne.jp
1044,Lark Kolakovic,lkolakovic17@canalblog.com
1045,Mayer Blaydes,mblaydes18@biblegateway.com
1046,Renelle Lent,rlent19@yahoo.co.jp
1047,Perren Smeed,psmeed1a@smh.com.au
1048,Paule Pearde,ppearde1b@cnn.com
1049,Zora Miroy,zmiroy1c@timesonline.co.uk
1050,Wyn Trimme,wtrimme1d@ucoz.ru
1051,Germain Canniffe,gcanniffe1e@e-recht24.de
1052,Savina Basek,sbasek1f@github.io
1053,Adlai Howden,ahowden1g@51.la
1054,Vilhelmina Schaffel,vschaffel1h@google.ru
1055,Natalee Brazenor,nbrazenor1i@wordpress.org
1056,Fran Creed,fcreed1j@amazon.com
1057,Si Baldinotti,sbaldinotti1k@lulu.com
1058,Christin Ahern,cahern1l@themeforest.net
1059,Monique Crissil,mcrissil1m@istockphoto.com
1060,Wes Veitch,wveitch1n@weather.com
1061,Katharine Mewis,kmewis1o@weebly.com
1062,Virge Gotliffe,vgotliffe1p@de.vu
1063,Cornela Woolfoot,cwoolfoot1q@telegraph.co.uk
1064,Matilde Swaysland,mswaysland1r@harvard.edu
1065,Windy Poole,wpoole1s@hao123.com
1066,Bank Lambillion,blambillion1t@fastcompany.com
1067,Kippy De Moreno,kde1u@vkontakte.ru
1068,Caron Standfield,cstandfield1v@ed.gov
1069,Agna Daspar,adaspar1w@europa.eu
1070,Berk Shyram,bshyram1x@ihg.com
1071,Moira Goodyer,mgoodyer1y@reverbnation.com
1072,Davie Williscroft,dwilliscroft1z@dyndns.org
1073,Corly Colten,ccolten20@ucla.edu
1074,Brita Bootell,bbootell21@biglobe.ne.jp
1075,Persis Garrold,pgarrold22@wordpress.com
1076,Brocky Freestone,bfreestone23@google.nl
1077,Silvana MacGiolla Pheadair,smacgiolla24@is.gd
1078,Alvan Heavyside,aheavyside25@lulu.com
1079,Hewie Eckly,heckly26@hp.com
1080,Aland McPhail,amcphail27@dyndns.org
1081,Creight Hemphall,chemphall28@cam.ac.uk
1082,Braden Gullen,bgullen29@samsung.com
1083,Latisha Atcock,latcock2a@zimbio.com
1084,Mab Skerratt,mskerratt2b@mac.com
1085,Cchaddie Bareham,cbareham2c@sakura.ne.jp
1086,Brandtr Koba,bkoba2d@slideshare.net
1087,Maddy Rowbrey,mrowbrey2e@istockphoto.com
1088,Clive Polley,cpolley2f@lycos.com
1089,Tanny Phonix,tphonix2g@umn.edu
1090,Raquela Scarratt,rscarratt2h@ucsd.edu
1091,Kylila Roizin,kroizin2i@skyrock.com
1092,Jareb Colaco,jcolaco2j@narod.ru
1093,Josias Nigh,jnigh2k@vkontakte.ru
1094,Trenna Ortet,tortet2l@reference.com
1095,Lenard Grundwater,lgrundwater2m@foxnews.com
1096,Sebastiano Lamberth,slamberth2n@foxnews.com
1097,Salaidh Tommaseo,stommaseo2o@sogou.com
1098,Timotheus Quilter,tquilter2p@eventbrite.com
1099,Gavrielle Muller,gmuller2q@tinypic.com
1100,Alfonso Holttom,aholttom2r@apple.com
1101,Hastie McNabb,hmcnabb2s@who.int
1102,Marilyn Ratchford,mratchford2t@usatoday.com
1103,Calvin Paffot,cpaffot2u@ucsd.edu
1104,Ellie Burrell,eburrell2v@oakley.com
1105,Garvy Sawers,gsawers2w@blogger.com
1106,Nahum Sausman,nsausman2x@uol.com.br
1107,Berkley Plumtree,bplumtree2y@meetup.com
1108,Fredrika Brazur,fbrazur2z@twitter.com
1109,Demetri Waddington,dwaddington30@prlog.org
1110,Alberik Baudain,abaudain31@fotki.com
1111,Rozamond Plenty,rplenty32@github.com
1112,Chance O'Tuohy,cotuohy33@pcworld.com
1113,Shadow Winterburn,swinterburn34@mayoclinic.com
1114,Anstice O'Hickee,aohickee35@over-blog.com
1115,Ruth Lidgley,rlidgley36@columbia.edu
1116,Cybil Goodfield,cgoodfield37@wikipedia.org
1117,Berta McKomb,bmckomb38@ibm.com
1118,Lacie Orrah,lorrah39@list-manage.com
1119,Nona Setterthwait,nsetterthwait3a@china.com.cn
1120,Osborne Browncey,obrowncey3b@symantec.com
1121,Adora Starling,astarling3c@nationalgeographic.com
1122,Vivie Robardley,vrobardley3d@webs.com
